currency,discount,ean_x,endTime,lastUpdate,newPrice,originalPrice,percentDiscount,startTime,stock,stockUnit,categories,description,ean_y,image
DKK,55.93,2005232,2022-12-06T22:59:59.000Z,2022-12-05T14:32:29.000Z,23.97,79.9,70.0,2022-12-05T13:53:22.000Z,928.836,kg,{},RIBBENSSTEG,250358,
DKK,39.0,2005256,2022-12-06T22:59:59.000Z,2022-12-05T15:17:33.000Z,30.0,69.0,56.52,2022-12-05T13:58:56.000Z,928.836,kg,"{'da': 'Kød & fisk>Grisekød>Stege & hele kødstykker>Flæskesteg & ribbenssteg', 'en': 'Meat Fish>Pork>Roasted Whole Pork Pieces>Roasted Pork'}",SLAGTERMESTEREN RIBBENSTEG,250500,"https://digitalassets.sallinggroup.com/image/upload/e_trim/c_limit,e_sharpen:80,f_auto,q_auto,w_400,h_400/3214b7eb-3e35-4e1d-9367-a06df22ee774"
DKK,39.0,2005263,2022-12-06T22:59:59.000Z,2022-12-05T15:32:29.000Z,30.0,69.0,56.52,2022-12-05T13:59:10.000Z,928.836,kg,{},SKINKESKANK SLAGTERMEST.,251041,
DKK,29.0,2005201,2022-12-06T22:59:59.000Z,2022-12-05T14:17:32.000Z,40.0,69.0,42.03,2022-12-05T13:44:27.000Z,928.836,kg,"{'da': 'Mejeri & køl>Færdigretter>Middagsretter', 'en': 'Dairy And Cold Storage>Ready To Eat Meals>Dinner Meals'}",PAPRIKA FILET GODT BEGYNDT,251073,"https://digitalassets.sallinggroup.com/image/upload/e_trim/c_limit,e_sharpen:80,f_auto,q_auto,w_400,h_400/a68d716e-22e0-495c-b962-c1e880ae1699"
DKK,29.0,2005218,2022-12-06T22:59:59.000Z,2022-12-05T17:02:28.000Z,40.0,69.0,42.03,2022-12-05T13:44:40.000Z,928.836,kg,"{'da': 'Kød & fisk>Grisekød>Stege & hele kødstykker>Nakkefilet & svinekam', 'en': 'Meat Fish>Pork>Roasted Whole Pork Pieces>Pork Neck Pork Loin'}",NAKKEFILET M/RØDVIN,251753,
DKK,34.0,2005188,2022-12-06T22:59:59.000Z,2022-12-05T15:32:29.000Z,35.0,69.0,49.28,2022-12-05T13:43:59.000Z,928.836,kg,"{'da': 'Mejeri & køl>Færdigretter>Middagsretter', 'en': 'Dairy And Cold Storage>Ready To Eat Meals>Dinner Meals'}",KOTELET FAD,257192,"https://digitalassets.sallinggroup.com/image/upload/e_trim/c_limit,e_sharpen:80,f_auto,q_auto,w_400,h_400/938708b580c981e2ee8bbe874843f212"
DKK,49.0,2005195,2022-12-06T22:59:59.000Z,2022-12-05T14:47:32.000Z,40.0,89.0,55.06,2022-12-05T13:44:15.000Z,928.836,kg,"{'da': 'Mejeri & køl>Færdigretter>Middagsretter', 'en': 'Dairy And Cold Storage>Ready To Eat Meals>Dinner Meals'}",MØRBRAD FAD,258436,"https://digitalassets.sallinggroup.com/image/upload/e_trim/c_limit,e_sharpen:80,f_auto,q_auto,w_400,h_400/af982818-3e8b-42f3-978a-504bdb31cf90"
DKK,14.95,5712580536637,2023-01-28T22:59:59.000Z,2022-12-05T10:02:16.000Z,20.0,34.95,42.78,2022-11-30T12:31:56.000Z,67.0,each,"{'da': 'Mejeri & køl>Saucer & dressinger>Sauce', 'en': 'Dairy And Cold Storage>Sauces Dressings>Sauce'}",WHISKY SAUCE JENSENS,5705900009089,"https://digitalassets.sallinggroup.com/image/upload/e_trim/c_limit,e_sharpen:80,f_auto,q_auto,w_400,h_400/65a3214b21f21ea16a8a36cbd71be7a2"
DKK,10.95,5712580540382,2022-12-10T22:59:59.000Z,2022-12-05T10:17:18.000Z,25.0,35.95,30.46,2022-12-03T05:52:44.000Z,1.0,each,"{'da': 'Mejeri & køl>Bacon, pølser & toppings>Bacon>Bacon i skiver', 'en': 'Dairy And Cold Storage>Bacon Sausages Toppings>Bacon>Sliced Bacon'}",BACON I SKIVER SALLING,5712875151910,"https://digitalassets.sallinggroup.com/image/upload/e_trim/c_limit,e_sharpen:80,f_auto,q_auto,w_400,h_400/241f296ff1c39ee5b901f88522cafaae"
DKK,5.95,5712580544458,2022-12-06T22:59:59.000Z,2022-12-05T11:14:04.000Z,19.0,24.95,23.85,2022-12-05T11:13:41.000Z,1.0,each,"{'da': 'Mejeri & køl>Mejeri>Dessert & snacks', 'en': 'Dairy And Cold Storage>Dairy>Desserts Snacks'}",CHIA M/MANGO TPK,5713307300272,"https://digitalassets.sallinggroup.com/image/upload/e_trim/c_limit,e_sharpen:80,f_auto,q_auto,w_400,h_400/69454c36-6053-4834-9e76-df64a5980101"
DKK,8.95,5712580542188,2022-12-09T22:59:59.000Z,2022-12-05T11:32:20.000Z,15.0,23.95,37.37,2022-12-04T05:33:34.000Z,2.0,each,"{'da': 'Mejeri & køl>Tapas & specialiteter>Oliven & andet tilbehør', 'en': 'Dairy And Cold Storage>Tapas Specialities>Olives Other Attachments'}",OLIVEN HVIDLØG SALLING ØKO,5712875103896,"https://digitalassets.sallinggroup.com/image/upload/e_trim/c_limit,e_sharpen:80,f_auto,q_auto,w_400,h_400/af582f82-41d2-4667-8385-008386943dd4"
DKK,6.0,5712580544540,2022-12-17T22:59:59.000Z,2022-12-05T11:49:05.000Z,20.0,26.0,23.08,2022-12-05T11:48:46.000Z,2.0,each,"{'da': 'Mejeri & køl>Bacon, pølser & toppings>Bacon>Bacon i tern', 'en': 'Dairy And Cold Storage>Bacon Sausages Toppings>Bacon>Chopped Bacon Bits'}",BACON I TERN SALLING ØKO,5712874592561,"https://digitalassets.sallinggroup.com/image/upload/e_trim/c_limit,e_sharpen:80,f_auto,q_auto,w_400,h_400/7c166760-1856-447b-93c4-239f745f55a6"
DKK,7.25,5712580543314,2022-12-06T22:59:59.000Z,2022-12-05T12:32:23.000Z,18.0,25.25,28.71,2022-12-04T15:17:35.000Z,2.0,each,"{'da': 'Brød & kager>Lyst & groft brød>Hele brød', 'en': 'Bread And Cakes>Light Breads Dark Breads>Whole Breads'}",5-KORNS BRØD SCHULSTAD,5701205005412,"https://digitalassets.sallinggroup.com/image/upload/e_trim/c_limit,e_sharpen:80,f_auto,q_auto,w_400,h_400/70913cafaab3c256498b4ab5c482a58f"
DKK,6.75,5712580542119,2022-12-18T22:59:59.000Z,2022-12-05T12:32:23.000Z,25.0,31.75,21.26,2022-12-04T05:04:47.000Z,1.0,each,"{'da': 'Mejeri & køl>Mejeri>Ost>Feta & salatost', 'en': 'Dairy And Cold Storage>Dairy>Cheese>Salat Cheese'}",GRÆSK FETAOST PRINCIP,5712873215157,"https://digitalassets.sallinggroup.com/image/upload/e_trim/c_limit,e_sharpen:80,f_auto,q_auto,w_400,h_400/ce11923b-6a85-4ef1-9ee2-899611efed3e"
DKK,7.25,5712580545622,2022-12-07T22:59:59.000Z,2022-12-05T16:47:42.000Z,18.0,25.25,28.71,2022-12-05T16:47:20.000Z,1.0,each,"{'da': 'Brød & kager>Rugbrød>Solsikkerugbrød', 'en': 'Bread And Cakes>Rye Breads>Sun Flower Seeded Rye Breads'}",DGR. SOLSIKKE DET GODE,5701205001568,"https://digitalassets.sallinggroup.com/image/upload/e_trim/c_limit,e_sharpen:80,f_auto,q_auto,w_400,h_400/d70a98f5-599f-4599-94b2-0a6f4cbffbad"
DKK,35.0,5712580540047,2022-12-08T22:59:59.000Z,2022-12-05T12:47:29.000Z,30.0,65.0,53.85,2022-12-03T04:33:46.000Z,1.0,each,"{'da': 'Mejeri & køl>Mejeri>Ost>Ost i skiver', 'en': 'Dairy And Cold Storage>Dairy>Cheese>Sliced Cheese'}",SKIVEOST GULD MAMMEN,5703985055434,"https://digitalassets.sallinggroup.com/image/upload/e_trim/c_limit,e_sharpen:80,f_auto,q_auto,w_400,h_400/3841bfac-45b0-4274-88a7-86d5348ff9cc"
DKK,5.95,5712580543505,2022-12-06T22:59:59.000Z,2022-12-05T13:17:27.000Z,11.0,16.95,35.1,2022-12-04T15:28:37.000Z,1.0,each,"{'da': 'Brød & kager>Rugbrød>Andre rugbrød', 'en': 'Bread And Cakes>Rye Breads>Other Rye Breads'}",SLESVIGERBRØD SCHULSTAD,5701205175061,"https://digitalassets.sallinggroup.com/image/upload/e_trim/c_limit,e_sharpen:80,f_auto,q_auto,w_400,h_400/03c61aac-0f18-4583-b614-c9d6ed0f6093"
DKK,11.75,5712580543321,2022-12-06T22:59:59.000Z,2022-12-05T13:17:27.000Z,14.0,25.75,45.63,2022-12-04T15:18:07.000Z,1.0,each,"{'da': 'Brød & kager>Lyst & groft brød>Boller', 'en': 'Bread And Cakes>Light Breads Dark Breads>Light Dark Buns'}",JAVISST PÅGEN,7311070032161,"https://digitalassets.sallinggroup.com/image/upload/e_trim/c_limit,e_sharpen:80,f_auto,q_auto,w_400,h_400/6968e07d4c403222c1cc21477f9179ff"
DKK,4.5,5712580545806,2022-12-09T22:59:59.000Z,2022-12-06T04:21:39.000Z,13.0,17.5,25.71,2022-12-06T04:21:19.000Z,12.0,each,"{'da': 'Mejeri & køl>Mejeri>Mælk>Minimælk', 'en': 'Dairy And Cold Storage>Dairy>Milk>Semiskimmed Milk'}",ØKO MINIMÆLK NATURMÆLK,5701852261520,"https://digitalassets.sallinggroup.com/image/upload/e_trim/c_limit,e_sharpen:80,f_auto,q_auto,w_400,h_400/9b6b8f82-0bf4-45a9-b9de-9bb92f2b1618"
DKK,12.25,5712580544588,2022-12-10T22:59:59.000Z,2022-12-05T14:02:24.000Z,25.0,37.25,32.89,2022-12-05T11:54:00.000Z,2.0,each,"{'da': 'Mejeri & køl>Bacon, pølser & toppings>Pølser>Grisepølser', 'en': 'Dairy And Cold Storage>Bacon Sausages Toppings>Sausages>Pork Sausages'}",BAYERSKE PØLSER STEFF H.,5707196139242,"https://digitalassets.sallinggroup.com/image/upload/e_trim/c_limit,e_sharpen:80,f_auto,q_auto,w_400,h_400/d03caa0d-9ec1-4313-8c83-6503ad3781a3"
DKK,8.95,5712580542850,2022-12-08T22:59:59.000Z,2022-12-05T14:02:24.000Z,15.0,23.95,37.37,2022-12-04T11:41:52.000Z,2.0,each,"{'da': 'Mejeri & køl>Færdigretter>Middagsretter', 'en': 'Dairy And Cold Storage>Ready To Eat Meals>Dinner Meals'}",KØDBOLLER I TOM SALLING,5712875462757,"https://digitalassets.sallinggroup.com/image/upload/e_trim/c_limit,e_sharpen:80,f_auto,q_auto,w_400,h_400/9855aee48b017ec38f78ed477eac1533"
DKK,11.95,5712580543628,2022-12-06T22:59:59.000Z,2022-12-05T14:32:29.000Z,12.0,23.95,49.9,2022-12-04T15:32:55.000Z,3.0,each,"{'da': 'Brød & kager>Lyst & groft brød>Boller', 'en': 'Bread And Cakes>Light Breads Dark Breads>Light Dark Buns'}",MULTIKER.BOLLER LEVEBRØD,5701205005559,"https://digitalassets.sallinggroup.com/image/upload/e_trim/c_limit,e_sharpen:80,f_auto,q_auto,w_400,h_400/a114efae62223fcb6cd3f15cd55311e6"
DKK,5.95,5712580542966,2022-12-12T22:59:59.000Z,2022-12-05T15:02:31.000Z,20.0,25.95,22.93,2022-12-04T12:26:21.000Z,1.0,each,"{'da': 'Mejeri & køl>Mejeri>Ost>Skimmelost & brie', 'en': 'Dairy And Cold Storage>Dairy>Cheese>Blue Cheese Brie'}",SAINT MORGON PRÉSIDENT,3038910004471,"https://digitalassets.sallinggroup.com/image/upload/e_trim/c_limit,e_sharpen:80,f_auto,q_auto,w_400,h_400/1d0c7d85-3cd7-45a5-9563-e39650617314"
DKK,9.95,5712580544533,2022-12-10T22:59:59.000Z,2022-12-05T15:02:31.000Z,35.0,44.95,22.14,2022-12-05T11:46:41.000Z,1.0,each,"{'da': 'Kød & fisk>Spareribs & barbecuekød', 'en': 'Meat Fish>spareribs Barbecue Meat'}",CARNITAS LOCO TACO,5714484000832,"https://digitalassets.sallinggroup.com/image/upload/e_trim/c_limit,e_sharpen:80,f_auto,q_auto,w_400,h_400/9cbdae8c-8c9b-4ea3-a4eb-30353c093cfe"
DKK,9.95,5712580540269,2022-12-07T22:59:59.000Z,2022-12-05T15:17:33.000Z,8.0,17.95,55.43,2022-12-03T05:35:50.000Z,3.0,each,"{'da': 'Mejeri & køl>Pålæg>Kødpålæg>Pålæg i skiver', 'en': 'Dairy And Cold Storage>Lunch Meats>Meat>Sliced Lunch Meats'}",SALTKØD BUDGET,5701483177856,"https://digitalassets.sallinggroup.com/image/upload/e_trim/c_limit,e_sharpen:80,f_auto,q_auto,w_400,h_400/ea4a7bc35ced1b2f7ce3536eaa27dd6d"
DKK,14.95,5712580536651,2023-01-28T22:59:59.000Z,2022-12-05T15:17:33.000Z,20.0,34.95,42.78,2022-11-30T12:34:49.000Z,52.0,each,"{'da': 'Mejeri & køl>Saucer & dressinger>Sauce', 'en': 'Dairy And Cold Storage>Sauces Dressings>Sauce'}",FAVORIT SAUCE JENSENS,5705900009119,"https://digitalassets.sallinggroup.com/image/upload/e_trim/c_limit,e_sharpen:80,f_auto,q_auto,w_400,h_400/b55f5ed2d22dac8988f2a516841c4e28"
DKK,11.95,5712580539300,2022-12-09T22:59:59.000Z,2022-12-05T15:17:33.000Z,18.0,29.95,39.9,2022-12-02T13:10:06.000Z,14.0,each,"{'da': 'Mejeri & køl>Mejeri>Ost>Skimmelost & brie', 'en': 'Dairy And Cold Storage>Dairy>Cheese>Blue Cheese Brie'}",5 MINI OSTE CASTELLO,5740200943602,"https://digitalassets.sallinggroup.com/image/upload/e_trim/c_limit,e_sharpen:80,f_auto,q_auto,w_400,h_400/3f788f39-7dac-45ce-9081-84205459439b"
DKK,8.95,5712580545462,2022-12-15T22:59:59.000Z,2022-12-05T15:32:29.000Z,35.0,43.95,20.36,2022-12-05T14:15:09.000Z,1.0,each,"{'da': 'Kød & fisk>Grisekød>Koteletter, flæsk & schnitzler', 'en': 'Meat Fish>Pork>Pork Chops Pork Schnitzels'}",KOTELETTER SALLING ØKO,5707196291766,"https://digitalassets.sallinggroup.com/image/upload/e_trim/c_limit,e_sharpen:80,f_auto,q_auto,w_400,h_400/b4ea75fc-4083-4a95-bc78-fd7e488ff2fb"
DKK,11.95,5712580544519,2022-12-09T22:59:59.000Z,2022-12-05T16:02:26.000Z,17.0,28.95,41.28,2022-12-05T11:42:51.000Z,1.0,each,"{'da': 'Mejeri & køl>Pålæg>Leverpostej & paté', 'en': 'Dairy And Cold Storage>Lunch Meats>Liver Paste Patee'}",BACON-PEBER 300 G,5704000445940,"https://digitalassets.sallinggroup.com/image/upload/e_trim/c_limit,e_sharpen:80,f_auto,q_auto,w_400,h_400/e4154adb-8bfd-443a-8e2f-0fa2880ec1d1"
DKK,17.95,5712580542485,2022-12-09T22:59:59.000Z,2022-12-05T16:17:31.000Z,12.0,29.95,59.93,2022-12-04T06:21:07.000Z,1.0,each,"{'da': 'Mejeri & køl>Kartoffeltilbehør>Tilberedte kartofler', 'en': 'Dairy And Cold Storage>Potato Accessories>Prepared Potatoes'}",KRYDDERBÅDE PEKA,8711118031344,"https://digitalassets.sallinggroup.com/image/upload/e_trim/c_limit,e_sharpen:80,f_auto,q_auto,w_400,h_400/443cbf54-3903-4004-8fe6-86a15456b7f2"
DKK,4.25,5712580545578,2022-12-07T22:59:59.000Z,2022-12-05T16:44:39.000Z,5.0,9.25,45.95,2022-12-05T16:44:15.000Z,1.0,each,"{'da': 'Brød & kager>Lyst & groft brød>Toastbrød', 'en': 'Bread And Cakes>Light Breads Dark Breads>Toast Breads'}",FULDKORNSSAND. SALLING,5712872135173,"https://digitalassets.sallinggroup.com/image/upload/e_trim/c_limit,e_sharpen:80,f_auto,q_auto,w_400,h_400/72fa8e05-c603-433f-b0d8-e5a2b339861e"
DKK,17.5,5712580545486,2022-12-08T22:59:59.000Z,2022-12-05T16:47:31.000Z,25.0,42.5,41.18,2022-12-05T14:18:14.000Z,7.0,each,"{'da': 'Kød & fisk>Grisekød>Koteletter, flæsk & schnitzler', 'en': 'Meat Fish>Pork>Pork Chops Pork Schnitzels'}",FLÆSK I SKIVER SALLING ØKO,5707196291780,"https://digitalassets.sallinggroup.com/image/upload/e_trim/c_limit,e_sharpen:80,f_auto,q_auto,w_400,h_400/448727e1-5e62-4724-87a6-7bb8e8119d46"
DKK,8.95,5712580542867,2022-12-09T22:59:59.000Z,2022-12-05T16:47:31.000Z,15.0,23.95,37.37,2022-12-04T11:42:17.000Z,1.0,each,"{'da': 'Mejeri & køl>Tapas & specialiteter>Oliven & andet tilbehør', 'en': 'Dairy And Cold Storage>Tapas Specialities>Olives Other Attachments'}",SERRANORULLER SALLING,5712872364047,"https://digitalassets.sallinggroup.com/image/upload/e_trim/c_limit,e_sharpen:80,f_auto,q_auto,w_400,h_400/37575bdf-ce9e-4beb-a92e-973c748d7f13"
DKK,6.95,5712580545646,2022-12-07T22:59:59.000Z,2022-12-05T16:48:14.000Z,12.0,18.95,36.68,2022-12-05T16:47:40.000Z,1.0,each,"{'da': 'Brød & kager>Rugbrød>Kernerugbrød', 'en': 'Bread And Cakes>Rye Breads>Seeded Rye Breads'}",KERNERUGBRØ SALLING ØKO,5712872401612,"https://digitalassets.sallinggroup.com/image/upload/e_trim/c_limit,e_sharpen:80,f_auto,q_auto,w_400,h_400/3c1e8560-bed6-43fd-b3c0-1c8021d72cf5"
DKK,7.5,5712580545653,2022-12-07T22:59:59.000Z,2022-12-05T16:48:36.000Z,11.0,18.5,40.54,2022-12-05T16:48:14.000Z,2.0,each,"{'da': 'Brød & kager>Rugbrød>Kernerugbrød', 'en': 'Bread And Cakes>Rye Breads>Seeded Rye Breads'}",SOFTKERNEBRØD SALLING,5712871634608,"https://digitalassets.sallinggroup.com/image/upload/e_trim/c_limit,e_sharpen:80,f_auto,q_auto,w_400,h_400/33dd052316c24cc77756dfac8992f33b"
DKK,13.25,5712580545684,2022-12-07T22:59:59.000Z,2022-12-05T20:02:34.000Z,11.0,24.25,54.64,2022-12-05T16:51:41.000Z,7.0,each,"{'da': 'Brød & kager>Rugbrød>Kernerugbrød', 'en': 'Bread And Cakes>Rye Breads>Seeded Rye Breads'}",BAGERENS RUGBRØ KOHBERG,5701246016743,"https://digitalassets.sallinggroup.com/image/upload/e_trim/c_limit,e_sharpen:80,f_auto,q_auto,w_400,h_400/1a505359-5b07-4401-987b-23ffdadd0542"
DKK,2.95,5712580545714,2022-12-07T22:59:59.000Z,2022-12-05T16:56:47.000Z,4.0,6.95,42.45,2022-12-05T16:56:29.000Z,6.0,each,"{'da': 'Brød & kager>Rugbrød>Andre rugbrød', 'en': 'Bread And Cakes>Rye Breads>Other Rye Breads'}",MØRKT RUGBRØD SALLING,5701246266315,"https://digitalassets.sallinggroup.com/image/upload/e_trim/c_limit,e_sharpen:80,f_auto,q_auto,w_400,h_400/0dfcad3025975518fc8840df8363319a"
DKK,15.0,5712580544601,2022-12-09T22:59:59.000Z,2022-12-05T17:02:28.000Z,20.0,35.0,42.86,2022-12-05T11:57:11.000Z,3.0,each,"{'da': 'Mejeri & køl>Bacon, pølser & toppings>Pølser>Grisepølser', 'en': 'Dairy And Cold Storage>Bacon Sausages Toppings>Sausages>Pork Sausages'}",GRILLPØLSE SALLING ØKO,5712874212605,"https://digitalassets.sallinggroup.com/image/upload/e_trim/c_limit,e_sharpen:80,f_auto,q_auto,w_400,h_400/dee8b6bc-5312-49e4-b573-9f4f337fc833"
DKK,8.0,5712580542294,2022-12-08T22:59:59.000Z,2022-12-05T17:17:30.000Z,11.0,19.0,42.11,2022-12-04T05:51:22.000Z,9.0,each,"{'da': 'Mejeri & køl>Pålæg>Kødpålæg>Pålæg i skiver', 'en': 'Dairy And Cold Storage>Lunch Meats>Meat>Sliced Lunch Meats'}",OKSEBRYST SALLING,5712874583873,"https://digitalassets.sallinggroup.com/image/upload/e_trim/c_limit,e_sharpen:80,f_auto,q_auto,w_400,h_400/83611b5e-745c-4baa-b484-f9583690b353"
DKK,7.95,5712580542102,2022-12-11T22:59:59.000Z,2022-12-05T17:17:30.000Z,8.0,15.95,49.84,2022-12-04T05:03:57.000Z,2.0,each,"{'da': 'Mejeri & køl>Mejeri>Ost>Smøreost', 'en': 'Dairy And Cold Storage>Dairy>Cheese>Cream Cheese'}",FLØDEOST DILD S. PRINCIP,5712875295768,"https://digitalassets.sallinggroup.com/image/upload/e_trim/c_limit,e_sharpen:80,f_auto,q_auto,w_400,h_400/bf4398d825e3dc724e983b5b0125c69a"
DKK,4.5,5712580543703,2022-12-07T22:59:59.000Z,2022-12-05T17:32:34.000Z,13.0,17.5,25.71,2022-12-05T04:41:38.000Z,4.0,each,"{'da': 'Mejeri & køl>Mejeri>Mælk>Skummetmælk', 'en': 'Dairy And Cold Storage>Dairy>Milk>Nonfat Milk'}",ØKO SKUMMETMÆLK NATURMÆLK,5701852261537,"https://digitalassets.sallinggroup.com/image/upload/e_trim/c_limit,e_sharpen:80,f_auto,q_auto,w_400,h_400/ca07b003-7e8a-4248-8aa3-38bba493f9cb"
DKK,9.0,5712580538488,2022-12-06T22:59:59.000Z,2022-12-05T18:02:32.000Z,15.0,24.0,37.5,2022-12-01T12:18:41.000Z,8.0,each,"{'da': 'Mejeri & køl>Pålæg>Kødpålæg>Pålæg i skiver', 'en': 'Dairy And Cold Storage>Lunch Meats>Meat>Sliced Lunch Meats'}",ØKO. RULLEPØLSE SALLING,5701483183444,"https://digitalassets.sallinggroup.com/image/upload/e_trim/c_limit,e_sharpen:80,f_auto,q_auto,w_400,h_400/e3b4299e-4e56-4b40-a6f7-89d5331a0d79"
DKK,10.95,5712580544526,2022-12-09T22:59:59.000Z,2022-12-05T18:02:32.000Z,25.0,35.95,30.46,2022-12-05T11:44:35.000Z,3.0,each,"{'da': 'Mejeri & køl>Pålæg>Leverpostej & paté', 'en': 'Dairy And Cold Storage>Lunch Meats>Liver Paste Patee'}",JULESYLTE 400G,5704000468956,"https://digitalassets.sallinggroup.com/image/upload/e_trim/c_limit,e_sharpen:80,f_auto,q_auto,w_400,h_400/6f050538-a32a-4876-bf33-510faf9a8c0c"
DKK,9.95,5712580537863,2022-12-07T22:59:59.000Z,2022-12-05T18:17:34.000Z,25.0,34.95,28.47,2022-12-01T11:25:17.000Z,5.0,each,"{'da': 'Mejeri & køl>Mejeri>Smør & fedtstof>Smør', 'en': 'Dairy And Cold Storage>Dairy>Butter Fats>Butter'}",ØKO SMØR DB NATURMÆLK,5701852261544,"https://digitalassets.sallinggroup.com/image/upload/e_trim/c_limit,e_sharpen:80,f_auto,q_auto,w_400,h_400/f24717e3-abf7-43d1-ad4e-bd6b4b73682b"
DKK,3.95,5712580542096,2022-12-13T22:59:59.000Z,2022-12-05T18:17:34.000Z,12.0,15.95,24.76,2022-12-04T05:03:17.000Z,1.0,each,"{'da': 'Mejeri & køl>Mejeri>Ost>Mozarella', 'en': 'Dairy And Cold Storage>Dairy>Cheese>Mozarella'}",ØKO MOZZARELLA 125 G,5712873769315,"https://digitalassets.sallinggroup.com/image/upload/e_trim/c_limit,e_sharpen:80,f_auto,q_auto,w_400,h_400/02cfb889-a42a-4a27-95f3-fe70b22c5a12"
DKK,5.95,5712580543239,2022-12-12T22:59:59.000Z,2022-12-05T18:32:35.000Z,19.0,24.95,23.85,2022-12-04T12:43:35.000Z,4.0,each,"{'da': 'Mejeri & køl>Mejeri>Plantebaserede alternativer>Yoghurtalternativer', 'en': 'Dairy And Cold Storage>Dairy>Plant Based Alternatives>Plant Based Yoghurt Alternatives'}",LIME/CITRON ALPRO,5411188115731,"https://digitalassets.sallinggroup.com/image/upload/e_trim/c_limit,e_sharpen:80,f_auto,q_auto,w_400,h_400/7a220b21-1a3b-4e7f-89b2-c40e5dbb0374"
DKK,10.95,5712580545615,2022-12-07T22:59:59.000Z,2022-12-05T18:47:31.000Z,11.0,21.95,49.89,2022-12-05T16:46:41.000Z,1.0,each,"{'da': 'Brød & kager>Lyst & groft brød>Boller', 'en': 'Bread And Cakes>Light Breads Dark Breads>Light Dark Buns'}",RUGBR.SANDWICH KOHBERG,5701246032958,"https://digitalassets.sallinggroup.com/image/upload/e_trim/c_limit,e_sharpen:80,f_auto,q_auto,w_400,h_400/7f68c4c9-b115-41ca-9039-23c0809b2c33"
DKK,8.0,5712580540818,2022-12-10T22:59:59.000Z,2022-12-05T18:47:31.000Z,20.0,28.0,28.57,2022-12-03T12:58:09.000Z,1.0,each,"{'da': 'Brød & kager>Mad- & specialbrød>Burgerboller', 'en': 'Bread And Cakes>Bread Specialities>Burger Buns'}",BRIOCHE SLIDERS PRINCIP,5712874961220,"https://digitalassets.sallinggroup.com/image/upload/e_trim/c_limit,e_sharpen:80,f_auto,q_auto,w_400,h_400/70ef310f-6d8e-49a1-9dfd-3fd545f54aca"
DKK,21.95,5712580541983,2022-12-11T22:59:59.000Z,2022-12-05T19:02:34.000Z,8.0,29.95,73.29,2022-12-04T04:38:19.000Z,91.0,each,"{'da': 'Mejeri & køl>Mejeri>Ost>Snackost', 'en': 'Dairy And Cold Storage>Dairy>Cheese>Snack Cheese'}",CHEEZ DIPPERS DLK,5710405310035,"https://digitalassets.sallinggroup.com/image/upload/e_trim/c_limit,e_sharpen:80,f_auto,q_auto,w_400,h_400/488c0e29-7ee0-401d-939c-045f1e4d57a6"
DKK,12.95,5712580542935,2022-12-12T22:59:59.000Z,2022-12-05T19:32:36.000Z,8.0,20.95,61.81,2022-12-04T11:56:23.000Z,23.0,each,"{'da': 'Mejeri & køl>Mejeri>Ost>Smøreost', 'en': 'Dairy And Cold Storage>Dairy>Cheese>Cream Cheese'}",TOLKO M. PURLØG CASTELLO,5760466923156,"https://digitalassets.sallinggroup.com/image/upload/e_trim/c_limit,e_sharpen:80,f_auto,q_auto,w_400,h_400/44fd4dd9-1009-43cf-9ba5-4cb2ed24fcfa"
DKK,8.95,5712580545660,2022-12-07T22:59:59.000Z,2022-12-05T19:47:42.000Z,17.0,25.95,34.49,2022-12-05T16:48:51.000Z,3.0,each,"{'da': 'Brød & kager>Lyst & groft brød>Boller', 'en': 'Bread And Cakes>Light Breads Dark Breads>Light Dark Buns'}",HAVREBOLLER PÅGEN,7311070011609,"https://digitalassets.sallinggroup.com/image/upload/e_trim/c_limit,e_sharpen:80,f_auto,q_auto,w_400,h_400/414fcf73-dea8-425c-bf37-1d7c9736a34c"
DKK,8.95,5712580545585,2022-12-07T22:59:59.000Z,2022-12-05T20:02:34.000Z,16.0,24.95,35.87,2022-12-05T16:45:26.000Z,2.0,each,"{'da': 'Brød & kager>Lyst & groft brød>Toastbrød', 'en': 'Bread And Cakes>Light Breads Dark Breads>Toast Breads'}",GROV SANDWICH SCHULSTAD,5701205003623,"https://digitalassets.sallinggroup.com/image/upload/e_trim/c_limit,e_sharpen:80,f_auto,q_auto,w_400,h_400/486ac731-fc2c-4ad7-977b-d277430112a3"
DKK,7.5,5712580545677,2022-12-07T22:59:59.000Z,2022-12-05T20:02:34.000Z,5.0,12.5,60.0,2022-12-05T16:50:00.000Z,6.0,each,"{'da': 'Brød & kager>Rugbrød>Kernerugbrød', 'en': 'Bread And Cakes>Rye Breads>Seeded Rye Breads'}",SKOVMAND SCHULSTAD,5701205005481,"https://digitalassets.sallinggroup.com/image/upload/e_trim/c_limit,e_sharpen:80,f_auto,q_auto,w_400,h_400/d4e0e3b5fbd3dd1ab56d3daa90792487"
DKK,13.5,5712580539270,2022-12-07T22:59:59.000Z,2022-12-05T20:02:34.000Z,9.0,22.5,60.0,2022-12-02T12:57:57.000Z,2.0,each,"{'da': 'Mejeri & køl>Mejeri & køl>Pålæg>Tapas & specialiteter>Kødpålæg>Specialpålæg>Pålæg i skiver', 'en': 'Dairy And Cold Storage>Dairy And Cold Storage>Lunch Meats>Tapas Specialities>Meat>Cold Cuts Specialities>Sliced Lunch Meats'}",RØD SALAMI 3-STJERNET,5712871837559,"https://digitalassets.sallinggroup.com/image/upload/e_trim/c_limit,e_sharpen:80,f_auto,q_auto,w_400,h_400/b568204b-62c7-4ea2-b086-808dc6b43a38"
DKK,12.75,5712580545820,2022-12-20T22:59:59.000Z,2022-12-06T04:26:13.000Z,9.0,21.75,58.62,2022-12-06T04:25:59.000Z,3.0,each,"{'da': 'Mejeri & køl>Mejeri>Smør & fedtstof>Smørbart', 'en': 'Dairy And Cold Storage>Dairy>Butter Fats>Other Butters'}",SMØRBAR M/PERSI KÆRGÅRDEN,5711953120435,"https://digitalassets.sallinggroup.com/image/upload/e_trim/c_limit,e_sharpen:80,f_auto,q_auto,w_400,h_400/fccda362-a1a1-4df1-9d07-501cf71de9b1"
DKK,16.95,5712580545844,2022-12-10T22:59:59.000Z,2022-12-06T04:31:47.000Z,25.0,41.95,40.41,2022-12-06T04:31:22.000Z,5.0,each,"{'da': 'Mejeri & køl>Mejeri>Yoghurt & syrnede mælkeprodukter>Skyr', 'en': 'Dairy And Cold Storage>Dairy>Yoghurt Soured Milk Products>Skyr'}",BLÅBÆR/VANILJE STAY STRONG,7310867948630,"https://digitalassets.sallinggroup.com/image/upload/e_trim/c_limit,e_sharpen:80,f_auto,q_auto,w_400,h_400/7d9d67d4-db58-4aae-9754-c75c020f7807"
DKK,4.95,5712580545851,2022-12-09T22:59:59.000Z,2022-12-06T04:33:39.000Z,14.0,18.95,26.12,2022-12-06T04:33:22.000Z,12.0,each,"{'da': 'Mejeri & køl>Mejeri>Mælk>Minimælk', 'en': 'Dairy And Cold Storage>Dairy>Milk>Semiskimmed Milk'}",ØKO GÅRDMÆLK NATURMÆLK,5701852263388,"https://digitalassets.sallinggroup.com/image/upload/e_trim/c_limit,e_sharpen:80,f_auto,q_auto,w_400,h_400/e0fa960d-8480-4490-a6bb-03b47b5b297b"
DKK,22.95,5712580545882,2022-12-14T22:59:59.000Z,2022-12-06T04:36:32.000Z,15.0,37.95,60.47,2022-12-06T04:36:15.000Z,7.0,each,"{'da': 'Mejeri & køl>Mejeri>Smør & fedtstof>Smør', 'en': 'Dairy And Cold Storage>Dairy>Butter Fats>Butter'}",ØKOLOGISK SMØR PRINCIP,5701012991380,"https://digitalassets.sallinggroup.com/image/upload/e_trim/c_limit,e_sharpen:80,f_auto,q_auto,w_400,h_400/1224d17c-7bd7-4523-bd53-2cf88ac06767"
DKK,23.0,5712580545912,2022-12-26T22:59:59.000Z,2022-12-06T04:55:07.000Z,70.0,93.0,24.73,2022-12-06T04:54:52.000Z,1.0,each,"{'da': 'Mejeri & køl>Mejeri>Ost>Skæreost', 'en': 'Dairy And Cold Storage>Dairy>Cheese>Cheese For Slicing'}",SKÆREOST 45+ ML HC ANDERSEN,5707673107368,"https://digitalassets.sallinggroup.com/image/upload/e_trim/c_limit,e_sharpen:80,f_auto,q_auto,w_400,h_400/cfc0e615d06ec21c6ad1558c13a952f5"
DKK,4.95,5712580545929,2022-12-29T22:59:59.000Z,2022-12-06T04:58:59.000Z,18.0,22.95,21.57,2022-12-06T04:58:40.000Z,4.0,each,"{'da': 'Mejeri & køl>Mejeri>Ost>Specialost', 'en': 'Dairy And Cold Storage>Dairy>Cheese>Cheese Specialities'}",GEDERULLE SOIGNON,3523230038898,"https://digitalassets.sallinggroup.com/image/upload/e_trim/c_limit,e_sharpen:80,f_auto,q_auto,w_400,h_400/d12ebdff-8f08-42ed-b9d3-240062798ab7"
DKK,8.95,5712580545936,2022-12-10T22:59:59.000Z,2022-12-06T04:59:20.000Z,15.0,23.95,37.37,2022-12-06T04:58:57.000Z,2.0,each,"{'da': 'Mejeri & køl>Tapas & specialiteter>Specialpølser', 'en': 'Dairy And Cold Storage>Tapas Specialities>Sausages Specialities'}",MINI FUET SALLING,5712873542864,"https://digitalassets.sallinggroup.com/image/upload/e_trim/c_limit,e_sharpen:80,f_auto,q_auto,w_400,h_400/9ee81ddb-998a-45e5-be2b-bef1ca4da135"
DKK,7.95,5712580545943,2022-12-10T22:59:59.000Z,2022-12-06T05:00:56.000Z,15.0,22.95,34.64,2022-12-06T05:00:32.000Z,2.0,each,"{'da': 'Mejeri & køl>Tapas & specialiteter>Pesto & hummus', 'en': 'Dairy And Cold Storage>Tapas Specialities>Pesto Hummus'}",HUMMUS TOMAT SALLING ØKO,5712875099915,"https://digitalassets.sallinggroup.com/image/upload/e_trim/c_limit,e_sharpen:80,f_auto,q_auto,w_400,h_400/7caf2ef7-9b82-415b-9a38-391433e97c45"
DKK,8.95,5712580545950,2022-12-10T22:59:59.000Z,2022-12-06T05:02:23.000Z,15.0,23.95,37.37,2022-12-06T05:02:00.000Z,7.0,each,"{'da': 'Mejeri & køl>Tapas & specialiteter>Specialpølser', 'en': 'Dairy And Cold Storage>Tapas Specialities>Sausages Specialities'}",MINI CHORIZO SALLING,5712873919789,"https://digitalassets.sallinggroup.com/image/upload/e_trim/c_limit,e_sharpen:80,f_auto,q_auto,w_400,h_400/9aeb121f-3d64-4d70-b22b-59f49f29a0da"
DKK,8.95,5712580545974,2022-12-09T22:59:59.000Z,2022-12-06T05:04:32.000Z,15.0,23.95,37.37,2022-12-06T05:04:11.000Z,1.0,each,"{'da': 'Mejeri & køl>Tapas & specialiteter>Oliven & andet tilbehør', 'en': 'Dairy And Cold Storage>Tapas Specialities>Olives Other Attachments'}",KYLLINGE SPYD SALLING,5712873432271,"https://digitalassets.sallinggroup.com/image/upload/e_trim/c_limit,e_sharpen:80,f_auto,q_auto,w_400,h_400/63c79ff3-2ba9-4744-80c1-3aa909ae8b4d"
DKK,8.95,5712580545981,2022-12-09T22:59:59.000Z,2022-12-06T05:05:04.000Z,15.0,23.95,37.37,2022-12-06T05:04:45.000Z,6.0,each,"{'da': 'Mejeri & køl>Tapas & specialiteter>Oliven & andet tilbehør', 'en': 'Dairy And Cold Storage>Tapas Specialities>Olives Other Attachments'}",LAKSEWRAPS SALLING,5712875097713,"https://digitalassets.sallinggroup.com/image/upload/e_trim/c_limit,e_sharpen:80,f_auto,q_auto,w_400,h_400/789bfde7-2c44-4ef4-a462-ead12b9b93a8"
DKK,14.95,5712580546018,2022-12-13T22:59:59.000Z,2022-12-06T05:22:11.000Z,15.0,29.95,49.92,2022-12-06T05:21:56.000Z,18.0,each,"{'da': 'Mejeri & køl>Mejeri>Ost>Ost i skiver', 'en': 'Dairy And Cold Storage>Dairy>Cheese>Sliced Cheese'}",GOUDA PESTO SALLING,5712875168970,"https://digitalassets.sallinggroup.com/image/upload/e_trim/c_limit,e_sharpen:80,f_auto,q_auto,w_400,h_400/d5937b81460d0b04420ede7007606669"
DKK,2.95,5712580546025,2022-12-10T22:59:59.000Z,2022-12-06T05:25:04.000Z,9.0,11.95,24.69,2022-12-06T05:24:48.000Z,1.0,each,"{'da': 'Mejeri & køl>Mejeri>Ost>Specialost', 'en': 'Dairy And Cold Storage>Dairy>Cheese>Cheese Specialities'}",RICOTTA GALBANI,8000430194012,"https://digitalassets.sallinggroup.com/image/upload/e_trim/c_limit,e_sharpen:80,f_auto,q_auto,w_400,h_400/4770be34-4ca8-4185-a726-9477c3087187"
DKK,7.95,5712580546049,2022-12-10T22:59:59.000Z,2022-12-06T05:38:40.000Z,11.0,18.95,41.95,2022-12-06T05:38:18.000Z,5.0,each,"{'da': 'Mejeri & køl>Pålæg>Kødpålæg>Pålæg i skiver', 'en': 'Dairy And Cold Storage>Lunch Meats>Meat>Sliced Lunch Meats'}",KYL.BRYST KRYD SALLING,5712874575946,"https://digitalassets.sallinggroup.com/image/upload/e_trim/c_limit,e_sharpen:80,f_auto,q_auto,w_400,h_400/556eb9fa-8d12-42de-8164-7e70e12e14c5"
DKK,8.0,5712580546056,2022-12-13T22:59:59.000Z,2022-12-06T05:39:35.000Z,16.0,24.0,33.33,2022-12-06T05:39:19.000Z,1.0,each,"{'da': 'Mejeri & køl>Pålæg>Kødpålæg>Pålæg i skiver', 'en': 'Dairy And Cold Storage>Lunch Meats>Meat>Sliced Lunch Meats'}",OKSESALAMI SALLING ØKO,5712875426995,"https://digitalassets.sallinggroup.com/image/upload/e_trim/c_limit,e_sharpen:80,f_auto,q_auto,w_400,h_400/8193d72750024695bae9faee54c5c48b"
DKK,7.5,5712580546063,2022-12-13T22:59:59.000Z,2022-12-06T05:40:39.000Z,13.0,20.5,36.59,2022-12-06T05:40:24.000Z,4.0,each,"{'da': 'Mejeri & køl>Pålæg>Kødpålæg>Pålæg i skiver', 'en': 'Dairy And Cold Storage>Lunch Meats>Meat>Sliced Lunch Meats'}",MILD SALAMI SALLING ØKO,5712875426971,"https://digitalassets.sallinggroup.com/image/upload/e_trim/c_limit,e_sharpen:80,f_auto,q_auto,w_400,h_400/452af414890a5f9cc5f43fd04624cdbe"
DKK,12.95,5712580546087,2022-12-10T22:59:59.000Z,2022-12-06T05:44:38.000Z,19.0,31.95,40.53,2022-12-06T05:44:20.000Z,2.0,each,"{'da': 'Mejeri & køl>Færdigretter>Alternativer til kød', 'en': 'Dairy And Cold Storage>Ready To Eat Meals>Ready To Eat Meat Alternatives'}",SPINACH DELLE FOOD DESIGN,5714881000039,"https://digitalassets.sallinggroup.com/image/upload/e_trim/c_limit,e_sharpen:80,f_auto,q_auto,w_400,h_400/9d530eca-4b8d-4653-848e-fc56b680da69"
DKK,42.95,5712580546094,2022-12-19T22:59:59.000Z,2022-12-06T05:46:37.000Z,35.0,77.95,55.1,2022-12-06T05:46:18.000Z,7.0,each,"{'da': 'Mejeri & køl>Bacon, pølser & toppings>Bacon>Bacon i skiver', 'en': 'Dairy And Cold Storage>Bacon Sausages Toppings>Bacon>Sliced Bacon'}",BACON 5-PAK TULIP,5707196214345,"https://digitalassets.sallinggroup.com/image/upload/e_trim/c_limit,e_sharpen:80,f_auto,q_auto,w_400,h_400/fd88cff1-bba3-42a3-9b10-1b77899b410e"
DKK,11.95,5712580546124,2022-12-17T22:59:59.000Z,2022-12-06T05:48:57.000Z,15.0,26.95,44.34,2022-12-06T05:48:32.000Z,2.0,each,"{'da': 'Mejeri & køl>Bacon, pølser & toppings>Bacon>Bacon i skiver', 'en': 'Dairy And Cold Storage>Bacon Sausages Toppings>Bacon>Sliced Bacon'}",STG BACON SKIVE TULIP,5707196273106,"https://digitalassets.sallinggroup.com/image/upload/e_trim/c_limit,e_sharpen:80,f_auto,q_auto,w_400,h_400/379c2371-15d7-4758-9bc5-37a992642ac1"
DKK,7.95,5712580546131,2022-12-13T22:59:59.000Z,2022-12-06T05:52:37.000Z,19.0,26.95,29.5,2022-12-06T05:52:24.000Z,4.0,each,"{'da': 'Mejeri & køl>Bacon, pølser & toppings>Pølser>Grisepølser', 'en': 'Dairy And Cold Storage>Bacon Sausages Toppings>Sausages>Pork Sausages'}",KÅLPØLSE SALLING,5705333052942,"https://digitalassets.sallinggroup.com/image/upload/e_trim/c_limit,e_sharpen:80,f_auto,q_auto,w_400,h_400/b0dc5a34c1d67ea86470c37fc46be7ef"
DKK,11.95,5712580545875,2022-12-13T22:59:59.000Z,2022-12-06T06:47:12.000Z,12.0,23.95,49.9,2022-12-06T04:34:59.000Z,1.0,each,"{'da': 'Mejeri & køl>Mejeri>Yoghurt & syrnede mælkeprodukter>Yoghurt', 'en': 'Dairy And Cold Storage>Dairy>Yoghurt Soured Milk Products>Yoghurt'}",CULTURA HAVRE/JORD,4016241031242,"https://digitalassets.sallinggroup.com/image/upload/e_trim/c_limit,e_sharpen:80,f_auto,q_auto,w_400,h_400/855003a3-67c6-4d24-817e-d1cf9454a67d"
DKK,11.95,5712580545868,2022-12-13T22:59:59.000Z,2022-12-06T06:47:12.000Z,12.0,23.95,49.9,2022-12-06T04:34:25.000Z,4.0,each,"{'da': 'Mejeri & køl>Mejeri>Yoghurt & syrnede mælkeprodukter>Yoghurt', 'en': 'Dairy And Cold Storage>Dairy>Yoghurt Soured Milk Products>Yoghurt'}",CULTURA HAVRE/MANGO,4016241031259,"https://digitalassets.sallinggroup.com/image/upload/e_trim/c_limit,e_sharpen:80,f_auto,q_auto,w_400,h_400/666337e2-6c64-4284-b309-be843cfa7170"
DKK,9.95,5712580543208,2022-12-12T22:59:59.000Z,2022-12-06T06:47:12.000Z,25.0,34.95,28.47,2022-12-04T12:37:58.000Z,4.0,each,"{'da': 'Mejeri & køl>Mejeri>Smør & fedtstof>Smør', 'en': 'Dairy And Cold Storage>Dairy>Butter Fats>Butter'}",NATURMÆLK SMØR LF 200G,5701852264149,"https://digitalassets.sallinggroup.com/image/upload/e_trim/c_limit,e_sharpen:80,f_auto,q_auto,w_400,h_400/13d16a1e-8c19-44c5-a2b5-ce30c629aa0d"
DKK,7.5,5712580543727,2022-12-08T22:59:59.000Z,2022-12-06T07:32:09.000Z,8.0,15.5,48.39,2022-12-05T04:43:41.000Z,13.0,each,"{'da': 'Mejeri & køl>Mejeri>Yoghurt & syrnede mælkeprodukter>Kærnemælk', 'en': 'Dairy And Cold Storage>Dairy>Yoghurt Soured Milk Products>Buttermilk'}",ØKO KÆRNEMÆLK NATURMÆLK,5701852258841,"https://digitalassets.sallinggroup.com/image/upload/e_trim/c_limit,e_sharpen:80,f_auto,q_auto,w_400,h_400/6891ef30-cf98-433d-941b-d06765569173"
DKK,10.95,5712580540436,2022-12-07T22:59:59.000Z,2022-12-06T07:32:09.000Z,12.0,22.95,47.71,2022-12-03T06:00:29.000Z,1.0,each,"{'da': 'Mejeri & køl>Mejeri>Ost>Specialost', 'en': 'Dairy And Cold Storage>Dairy>Cheese>Cheese Specialities'}",FYNSK RYGEOST LØGISMOSE,5701924350107,"https://digitalassets.sallinggroup.com/image/upload/e_trim/c_limit,e_sharpen:80,f_auto,q_auto,w_400,h_400/a355b891-90bd-4718-88dc-d0209b60f200"
DKK,15.95,5712580545837,2022-12-10T22:59:59.000Z,2022-12-06T07:47:18.000Z,12.0,27.95,57.07,2022-12-06T04:27:50.000Z,13.0,each,"{'da': 'Mejeri & køl>Mejeri>Yoghurt & syrnede mælkeprodukter>Yoghurt', 'en': 'Dairy And Cold Storage>Dairy>Yoghurt Soured Milk Products>Yoghurt'}",CHEASY YOGHURT,5711953159091,"https://digitalassets.sallinggroup.com/image/upload/e_trim/c_limit,e_sharpen:80,f_auto,q_auto,w_400,h_400/50685f7111c32c7897375a5a171e047b"
DKK,7.95,5712580545967,2022-12-10T22:59:59.000Z,2022-12-06T07:47:18.000Z,15.0,22.95,34.64,2022-12-06T05:03:12.000Z,8.0,each,"{'da': 'Mejeri & køl>Tapas & specialiteter>Pesto & hummus', 'en': 'Dairy And Cold Storage>Tapas Specialities>Pesto Hummus'}",HUMMUS TRIO SALLING,5712874163709,"https://digitalassets.sallinggroup.com/image/upload/e_trim/c_limit,e_sharpen:80,f_auto,q_auto,w_400,h_400/4d679c27-350e-4cf8-96e4-2b920f2ec795"
DKK,8.95,5712580542843,2022-12-09T22:59:59.000Z,2022-12-06T07:47:18.000Z,15.0,23.95,37.37,2022-12-04T11:41:16.000Z,1.0,each,"{'da': 'Mejeri & køl>Tapas & specialiteter>Oliven & andet tilbehør', 'en': 'Dairy And Cold Storage>Tapas Specialities>Olives Other Attachments'}",PEPPADEW M OST SALLING,5902973788372,"https://digitalassets.sallinggroup.com/image/upload/e_trim/c_limit,e_sharpen:80,f_auto,q_auto,w_400,h_400/0ae75ae5-aba1-48d6-9137-edee97054fca"
DKK,17.5,5712580545899,2022-12-13T22:59:59.000Z,2022-12-06T08:17:13.000Z,8.0,25.5,68.63,2022-12-06T04:39:17.000Z,15.0,each,"{'da': 'Drikkevarer>Juice & smoothies>Smoothies', 'en': 'Beverages>Juice Smoothies>Smoothies'}",ANTIOXIDANT SMO INNOCENT,5038862236171,"https://digitalassets.sallinggroup.com/image/upload/e_trim/c_limit,e_sharpen:80,f_auto,q_auto,w_400,h_400/5a374afb-a52f-4598-a479-c142ba2465c1"
DKK,15.95,5712580545813,2022-12-20T22:59:59.000Z,2022-12-06T08:17:13.000Z,10.0,25.95,61.46,2022-12-06T04:24:32.000Z,22.0,each,"{'da': 'Mejeri & køl>Mejeri>Smør & fedtstof>Smørbart', 'en': 'Dairy And Cold Storage>Dairy>Butter Fats>Other Butters'}",SMØRBAR BAKKEDAL,5701043001072,"https://digitalassets.sallinggroup.com/image/upload/e_trim/c_limit,e_sharpen:80,f_auto,q_auto,w_400,h_400/cbe5b788-a7a0-48e0-bcd4-72982112a8b1"
DKK,5.95,5712580544557,2022-12-12T22:59:59.000Z,2022-12-06T08:32:16.000Z,20.0,25.95,22.93,2022-12-05T11:50:55.000Z,7.0,each,"{'da': 'Mejeri & køl>Bacon, pølser & toppings>Bacon>Bacon i skiver', 'en': 'Dairy And Cold Storage>Bacon Sausages Toppings>Bacon>Sliced Bacon'}",BACON TULIP,5707196242485,"https://digitalassets.sallinggroup.com/image/upload/e_trim/c_limit,e_sharpen:80,f_auto,q_auto,w_400,h_400/8139536b-fd7f-4ea6-80b3-7761717c0644"
DKK,9.75,5712580545707,2022-12-07T22:59:59.000Z,2022-12-06T08:47:22.000Z,12.0,21.75,44.83,2022-12-05T16:55:19.000Z,4.0,each,"{'da': 'Brød & kager>Rugbrød>Kernerugbrød', 'en': 'Bread And Cakes>Rye Breads>Seeded Rye Breads'}",MESTERVÆRK KOHBERG,5701246004535,"https://digitalassets.sallinggroup.com/image/upload/e_trim/c_limit,e_sharpen:80,f_auto,q_auto,w_400,h_400/9e120f7c-ae7f-4148-9b39-cc29d43281c2"
DKK,14.95,5712580540610,2022-12-11T22:59:59.000Z,2022-12-06T09:02:15.000Z,12.0,26.95,55.47,2022-12-03T08:15:42.000Z,352.0,each,"{'da': 'Mejeri & køl>Mejeri>Smør & fedtstof>Smørbart', 'en': 'Dairy And Cold Storage>Dairy>Butter Fats>Other Butters'}",SMØRBAR KÆRGÅRDEN,5760466904919,"https://digitalassets.sallinggroup.com/image/upload/e_trim/c_limit,e_sharpen:80,f_auto,q_auto,w_400,h_400/c55c54262de3ed76d13f5b235ed24e7a"
DKK,7.95,5712580546032,2022-12-13T22:59:59.000Z,2022-12-06T09:17:16.000Z,11.0,18.95,41.95,2022-12-06T05:36:24.000Z,7.0,each,"{'da': 'Mejeri & køl>Pålæg>Kødpålæg>Pålæg i skiver', 'en': 'Dairy And Cold Storage>Lunch Meats>Meat>Sliced Lunch Meats'}",GRAVAD FILET PRINCIP,5712875051388,"https://digitalassets.sallinggroup.com/image/upload/e_trim/c_limit,e_sharpen:80,f_auto,q_auto,w_400,h_400/d5a872c0698ef8dbf2e903dd1277c348"
DKK,14.95,5712580546247,2022-12-20T22:59:59.000Z,2022-12-06T09:19:27.000Z,10.0,24.95,59.92,2022-12-06T09:19:09.000Z,112.0,each,"{'da': 'Mejeri & køl>Mejeri>Ost>Skimmelost & brie', 'en': 'Dairy And Cold Storage>Dairy>Cheese>Blue Cheese Brie'}",BLÅ CASTELLO,5710405310097,"https://digitalassets.sallinggroup.com/image/upload/e_trim/c_limit,e_sharpen:80,f_auto,q_auto,w_400,h_400/1d4bff7e-7e8a-4840-80d3-b78995e20077"
DKK,17.95,5712580546254,2022-12-15T22:59:59.000Z,2022-12-06T09:20:15.000Z,10.0,27.95,64.22,2022-12-06T09:19:53.000Z,41.0,each,"{'da': 'Mejeri & køl>Mejeri>Ost>Skimmelost & brie', 'en': 'Dairy And Cold Storage>Dairy>Cheese>Blue Cheese Brie'}",SORT CASTELLO,5710405310219,"https://digitalassets.sallinggroup.com/image/upload/e_trim/c_limit,e_sharpen:80,f_auto,q_auto,w_400,h_400/b51e823e-af7f-4132-a772-f3269f709896"
